model,signal,human_budget,n,errors_total,errors_caught,errors_residual,residual_error_rate,baseline_error_rate,risk_reduction,inferences_per_decision,compute_per_decision,compute_total,reviews_per_decision
llama-guard-3-8b:fp16,conf_native,0.0,8986,943,0,943,0.10494101936345426,0.10494101936345426,0.0,1.0,0.3190960139036178,2867.3967809379096,0.0
llama-guard-3-8b:fp16,conf_native,0.01,8986,943,45,898,0.09993322946806144,0.10494101936345426,0.04772004241781548,1.0,0.3190960139036178,2867.3967809379096,0.01
llama-guard-3-8b:fp16,conf_native,0.02,8986,943,78,865,0.09626085021144001,0.10494101936345426,0.08271474019088017,1.0,0.3190960139036178,2867.3967809379096,0.02
llama-guard-3-8b:fp16,conf_native,0.05,8986,943,195,748,0.08324059648341865,0.10494101936345426,0.2067868504772004,1.0,0.3190960139036178,2867.3967809379096,0.05
llama-guard-3-8b:fp16,conf_native,0.1,8986,943,339,604,0.06721566881816159,0.10494101936345426,0.35949098621421,1.0,0.3190960139036178,2867.3967809379096,0.1
llama-guard-3-8b:fp16,conf_native,0.2,8986,943,561,382,0.04251057200089027,0.10494101936345426,0.5949098621420997,1.0,0.3190960139036178,2867.3967809379096,0.2
llama-guard-3-8b:fp16,conf_native,0.5,8986,943,842,101,0.01123970620965947,0.10494101936345426,0.8928950159066809,1.0,0.3190960139036178,2867.3967809379096,0.5
llama-guard-3-8b:fp16,conf_margin,0.0,8986,943,0,943,0.10494101936345426,0.10494101936345426,0.0,1.0,0.3190960139036178,2867.3967809379096,0.0
llama-guard-3-8b:fp16,conf_margin,0.01,8986,943,45,898,0.09993322946806144,0.10494101936345426,0.04772004241781548,1.0,0.3190960139036178,2867.3967809379096,0.01
llama-guard-3-8b:fp16,conf_margin,0.02,8986,943,78,865,0.09626085021144001,0.10494101936345426,0.08271474019088017,1.0,0.3190960139036178,2867.3967809379096,0.02
llama-guard-3-8b:fp16,conf_margin,0.05,8986,943,195,748,0.08324059648341865,0.10494101936345426,0.2067868504772004,1.0,0.3190960139036178,2867.3967809379096,0.05
llama-guard-3-8b:fp16,conf_margin,0.1,8986,943,339,604,0.06721566881816159,0.10494101936345426,0.35949098621421,1.0,0.3190960139036178,2867.3967809379096,0.1
llama-guard-3-8b:fp16,conf_margin,0.2,8986,943,561,382,0.04251057200089027,0.10494101936345426,0.5949098621420997,1.0,0.3190960139036178,2867.3967809379096,0.2
llama-guard-3-8b:fp16,conf_margin,0.5,8986,943,842,101,0.01123970620965947,0.10494101936345426,0.8928950159066809,1.0,0.3190960139036178,2867.3967809379096,0.5
llama-guard-3-8b:fp16,conf_model_agree,0.0,8986,943,0,943,0.10494101936345426,0.10494101936345426,0.0,3.0,0.9572880417108534,8602.190342813728,0.0
llama-guard-3-8b:fp16,conf_model_agree,0.01,8986,943,24,919,0.10227019808591142,0.10494101936345426,0.02545068928950159,3.0,0.9572880417108534,8602.190342813728,0.01
llama-guard-3-8b:fp16,conf_model_agree,0.02,8986,943,42,901,0.10026708212775429,0.10494101936345426,0.044538706256627786,3.0,0.9572880417108534,8602.190342813728,0.02
llama-guard-3-8b:fp16,conf_model_agree,0.05,8986,943,89,854,0.09503672379256621,0.10494101936345426,0.09437963944856839,3.0,0.9572880417108534,8602.190342813728,0.05
llama-guard-3-8b:fp16,conf_model_agree,0.1,8986,943,258,685,0.07622969062986869,0.10494101936345426,0.2735949098621421,3.0,0.9572880417108534,8602.190342813728,0.1
llama-guard-3-8b:fp16,conf_model_agree,0.2,8986,943,524,419,0.04662808813710216,0.10494101936345426,0.5556733828207847,3.0,0.9572880417108534,8602.190342813728,0.2
llama-guard-3-8b:fp16,conf_model_agree,0.5,8986,943,806,137,0.015245938125973737,0.10494101936345426,0.8547189819724285,3.0,0.9572880417108534,8602.190342813728,0.5
qwen3guard-gen-8b:fp16,conf_native,0.0,8986,1040,0,1040,0.11573558869352325,0.11573558869352325,0.0,1.0,0.3723042197525501,3345.5257186964154,0.0
qwen3guard-gen-8b:fp16,conf_native,0.01,8986,1040,42,998,0.11106165145782328,0.11573558869352325,0.04038461538461539,1.0,0.3723042197525501,3345.5257186964154,0.01
qwen3guard-gen-8b:fp16,conf_native,0.02,8986,1040,88,952,0.10594257734253283,0.11573558869352325,0.08461538461538462,1.0,0.3723042197525501,3345.5257186964154,0.02
qwen3guard-gen-8b:fp16,conf_native,0.05,8986,1040,202,838,0.09325617627420432,0.11573558869352325,0.19423076923076923,1.0,0.3723042197525501,3345.5257186964154,0.05
qwen3guard-gen-8b:fp16,conf_native,0.1,8986,1040,343,697,0.07756510126864011,0.11573558869352325,0.3298076923076923,1.0,0.3723042197525501,3345.5257186964154,0.1
qwen3guard-gen-8b:fp16,conf_native,0.2,8986,1040,572,468,0.052081014912085465,0.11573558869352325,0.55,1.0,0.3723042197525501,3345.5257186964154,0.2
qwen3guard-gen-8b:fp16,conf_native,0.5,8986,1040,910,130,0.014466948586690407,0.11573558869352325,0.875,1.0,0.3723042197525501,3345.5257186964154,0.5
qwen3guard-gen-8b:fp16,conf_margin,0.0,8986,1040,0,1040,0.11573558869352325,0.11573558869352325,0.0,1.0,0.3723042197525501,3345.5257186964154,0.0
qwen3guard-gen-8b:fp16,conf_margin,0.01,8986,1040,42,998,0.11106165145782328,0.11573558869352325,0.04038461538461539,1.0,0.3723042197525501,3345.5257186964154,0.01
qwen3guard-gen-8b:fp16,conf_margin,0.02,8986,1040,88,952,0.10594257734253283,0.11573558869352325,0.08461538461538462,1.0,0.3723042197525501,3345.5257186964154,0.02
qwen3guard-gen-8b:fp16,conf_margin,0.05,8986,1040,202,838,0.09325617627420432,0.11573558869352325,0.19423076923076923,1.0,0.3723042197525501,3345.5257186964154,0.05
qwen3guard-gen-8b:fp16,conf_margin,0.1,8986,1040,343,697,0.07756510126864011,0.11573558869352325,0.3298076923076923,1.0,0.3723042197525501,3345.5257186964154,0.1
qwen3guard-gen-8b:fp16,conf_margin,0.2,8986,1040,572,468,0.052081014912085465,0.11573558869352325,0.55,1.0,0.3723042197525501,3345.5257186964154,0.2
qwen3guard-gen-8b:fp16,conf_margin,0.5,8986,1040,910,130,0.014466948586690407,0.11573558869352325,0.875,1.0,0.3723042197525501,3345.5257186964154,0.5
qwen3guard-gen-8b:fp16,conf_model_agree,0.0,8986,1040,0,1040,0.11573558869352325,0.11573558869352325,0.0,3.0,1.1169126592576504,10036.577156089246,0.0
qwen3guard-gen-8b:fp16,conf_model_agree,0.01,8986,1040,42,998,0.11106165145782328,0.11573558869352325,0.04038461538461539,3.0,1.1169126592576504,10036.577156089246,0.01
qwen3guard-gen-8b:fp16,conf_model_agree,0.02,8986,1040,103,937,0.10427331404406855,0.11573558869352325,0.09903846153846153,3.0,1.1169126592576504,10036.577156089246,0.02
qwen3guard-gen-8b:fp16,conf_model_agree,0.05,8986,1040,275,765,0.08513242822167817,0.11573558869352325,0.2644230769230769,3.0,1.1169126592576504,10036.577156089246,0.05
qwen3guard-gen-8b:fp16,conf_model_agree,0.1,8986,1040,470,570,0.06343200534164256,0.11573558869352325,0.4519230769230769,3.0,1.1169126592576504,10036.577156089246,0.1
qwen3guard-gen-8b:fp16,conf_model_agree,0.2,8986,1040,702,338,0.03761406632539506,0.11573558869352325,0.675,3.0,1.1169126592576504,10036.577156089246,0.2
qwen3guard-gen-8b:fp16,conf_model_agree,0.5,8986,1040,903,137,0.015245938125973737,0.11573558869352325,0.8682692307692308,3.0,1.1169126592576504,10036.577156089246,0.5
llama-guard-3-1b:fp16,conf_native,0.0,8986,1614,0,1614,0.1796127309147563,0.1796127309147563,0.0,1.0,0.1020600060001015,917.1112139169121,0.0
llama-guard-3-1b:fp16,conf_native,0.01,8986,1614,43,1571,0.1748275094591587,0.1796127309147563,0.02664188351920694,1.0,0.1020600060001015,917.1112139169121,0.01
llama-guard-3-1b:fp16,conf_native,0.02,8986,1614,86,1528,0.17004228800356108,0.1796127309147563,0.05328376703841388,1.0,0.1020600060001015,917.1112139169121,0.02
llama-guard-3-1b:fp16,conf_native,0.05,8986,1614,208,1406,0.15646561317605165,0.1796127309147563,0.1288723667905824,1.0,0.1020600060001015,917.1112139169121,0.05
llama-guard-3-1b:fp16,conf_native,0.1,8986,1614,417,1197,0.13320721121744936,0.1796127309147563,0.258364312267658,1.0,0.1020600060001015,917.1112139169121,0.1
llama-guard-3-1b:fp16,conf_native,0.2,8986,1614,763,851,0.09470287113287336,0.1796127309147563,0.47273853779429986,1.0,0.1020600060001015,917.1112139169121,0.2
llama-guard-3-1b:fp16,conf_native,0.5,8986,1614,1358,256,0.02848876029379034,0.1796127309147563,0.8413878562577447,1.0,0.1020600060001015,917.1112139169121,0.5
llama-guard-3-1b:fp16,conf_margin,0.0,8986,1614,0,1614,0.1796127309147563,0.1796127309147563,0.0,1.0,0.1020600060001015,917.1112139169121,0.0
llama-guard-3-1b:fp16,conf_margin,0.01,8986,1614,43,1571,0.1748275094591587,0.1796127309147563,0.02664188351920694,1.0,0.1020600060001015,917.1112139169121,0.01
llama-guard-3-1b:fp16,conf_margin,0.02,8986,1614,86,1528,0.17004228800356108,0.1796127309147563,0.05328376703841388,1.0,0.1020600060001015,917.1112139169121,0.02
llama-guard-3-1b:fp16,conf_margin,0.05,8986,1614,208,1406,0.15646561317605165,0.1796127309147563,0.1288723667905824,1.0,0.1020600060001015,917.1112139169121,0.05
llama-guard-3-1b:fp16,conf_margin,0.1,8986,1614,417,1197,0.13320721121744936,0.1796127309147563,0.258364312267658,1.0,0.1020600060001015,917.1112139169121,0.1
llama-guard-3-1b:fp16,conf_margin,0.2,8986,1614,763,851,0.09470287113287336,0.1796127309147563,0.47273853779429986,1.0,0.1020600060001015,917.1112139169121,0.2
llama-guard-3-1b:fp16,conf_margin,0.5,8986,1614,1358,256,0.02848876029379034,0.1796127309147563,0.8413878562577447,1.0,0.1020600060001015,917.1112139169121,0.5
llama-guard-3-1b:fp16,conf_model_agree,0.0,8986,1614,0,1614,0.1796127309147563,0.1796127309147563,0.0,3.0,0.3061800180003045,2751.333641750736,0.0
llama-guard-3-1b:fp16,conf_model_agree,0.01,8986,1614,50,1564,0.17404851991987536,0.1796127309147563,0.030978934324659233,3.0,0.3061800180003045,2751.333641750736,0.01
llama-guard-3-1b:fp16,conf_model_agree,0.02,8986,1614,82,1532,0.17048742488315158,0.1796127309147563,0.05080545229244114,3.0,0.3061800180003045,2751.333641750736,0.02
llama-guard-3-1b:fp16,conf_model_agree,0.05,8986,1614,199,1415,0.1574671711551302,0.1796127309147563,0.12329615861214374,3.0,0.3061800180003045,2751.333641750736,0.05
llama-guard-3-1b:fp16,conf_model_agree,0.1,8986,1614,459,1155,0.12853327398174938,0.1796127309147563,0.2843866171003718,3.0,0.3061800180003045,2751.333641750736,0.1
llama-guard-3-1b:fp16,conf_model_agree,0.2,8986,1614,1128,486,0.0540841308702426,0.1796127309147563,0.6988847583643123,3.0,0.3061800180003045,2751.333641750736,0.2
llama-guard-3-1b:fp16,conf_model_agree,0.5,8986,1614,1477,137,0.015245938125973737,0.1796127309147563,0.9151177199504337,3.0,0.3061800180003045,2751.333641750736,0.5
