model,signal,human_budget,n,errors_total,errors_caught,errors_residual,residual_error_rate,baseline_error_rate,risk_reduction,inferences_per_decision,compute_per_decision,compute_total,reviews_per_decision,on_frontier
llama-guard-3-1b:fp16,conf_native,0.05,8986,1614,208,1406,0.15646561317605165,0.1796127309147563,0.1288723667905824,1.0,0.1020600060001015,917.1112139169121,0.05,True
llama-guard-3-1b:fp16,conf_margin,0.05,8986,1614,208,1406,0.15646561317605165,0.1796127309147563,0.1288723667905824,1.0,0.1020600060001015,917.1112139169121,0.05,False
llama-guard-3-1b:fp16,conf_model_agree,0.05,8986,1614,199,1415,0.1574671711551302,0.1796127309147563,0.12329615861214374,3.0,0.3061800180003045,2751.333641750736,0.05,False
llama-guard-3-8b:fp16,conf_native,0.05,8986,943,195,748,0.08324059648341865,0.10494101936345426,0.2067868504772004,1.0,0.3190960139036178,2867.3967809379096,0.05,True
llama-guard-3-8b:fp16,conf_margin,0.05,8986,943,195,748,0.08324059648341865,0.10494101936345426,0.2067868504772004,1.0,0.3190960139036178,2867.3967809379096,0.05,False
qwen3guard-gen-8b:fp16,conf_margin,0.05,8986,1040,202,838,0.09325617627420432,0.11573558869352325,0.19423076923076923,1.0,0.3723042197525501,3345.5257186964154,0.05,False
qwen3guard-gen-8b:fp16,conf_native,0.05,8986,1040,202,838,0.09325617627420432,0.11573558869352325,0.19423076923076923,1.0,0.3723042197525501,3345.5257186964154,0.05,False
llama-guard-3-8b:fp16,conf_model_agree,0.05,8986,943,89,854,0.09503672379256621,0.10494101936345426,0.09437963944856839,3.0,0.9572880417108534,8602.190342813728,0.05,False
qwen3guard-gen-8b:fp16,conf_model_agree,0.05,8986,1040,275,765,0.08513242822167817,0.11573558869352325,0.2644230769230769,3.0,1.1169126592576504,10036.577156089246,0.05,False
